{
  "spaces": [
    {
      "space": 0,
      "type": "go",
      "info": {
        "id": "Go",
        "salary": 200,
        "description": "You're back at the start of the board."
      }
    },
    {
      "space": 1,
      "type": "property",
      "info": {
        "id": "Balch Hall",
        "description": "Home to the women of Cornell's freshman class. And also lots of bugs.",
        "price": 60,
        "rent": 2
      }
    },
    {
      "space": 2,
      "type": "property",
      "info": {
        "id": "Court-Kay-Bauer Hall",
        "description": "Home to the luckiest Cornell students... until 2021.",
        "price": 60,
        "rent": 4
      }
    },
    {
      "space": 3,
      "type": "property",
      "info": {
        "id": "Baker lab",
        "description": "Home to some very sad chemistry students",
        "price": 100,
        "rent": 6
      }
    },
    {
      "space": 4,
      "type": "property",
      "info": {
        "id": "Physical Sciences Building",
        "description": "Home of the Goldie's chicken panini.",
        "price": 100,
        "rent": 6
      }
    },
    {
      "space": 5,
      "type": "property",
      "info": {
        "id": "Rockefeller Hall",
        "description": "Home to one very curious cat.",
        "price": 120,
        "rent": 8
      }
    },
    {
      "space": 6,
      "type": "property",
      "info": {
        "id": "Duffield Hall",
        "description": "THE place to pull an all-nighter",
        "price": 140,
        "rent": 10
      }
    },
    {
      "space": 7,
      "type": "property",
      "info": {
        "id": "Rhodes Hall",
        "description": "Maybe one day they'll let me steal a course staff shirt.",
        "price": 140,
        "rent": 10
      }
    },
    {
      "space": 8,
      "type": "property",
      "info": {
        "id": "Gates Hall",
        "description": "A very nice backdrop for a headshot.",
        "price": 160,
        "rent": 12
      }
    },
    {
      "space": 9,
      "type": "property",
      "info": {
        "id": "Goldwin Smith Hall",
        "description": "Good luck finding a table at Zeus!",
        "price": 180,
        "rent": 14
      }
    },
    {
      "space": 10,
      "type": "property",
      "info": {
        "id": "Clock tower",
        "description": "Tearing up at the alma mater.",
        "price": 180,
        "rent": 14
      }
    },
    {
      "space": 11,
      "type": "property",
      "info": {
        "id": "Johnson Museum",
        "description": "Coolest ceiling on campus.",
        "price": 200,
        "rent": 16
      }
    },
    {
      "space": 12,
      "type": "property",
      "info": {
        "id": "Pokelava",
        "description": "Avocado's extra, is that okay?",
        "price": 220,
        "rent": 18
      }
    },
    {
      "space": 13,
      "type": "property",
      "info": {
        "id": "Four Seasons",
        "description": "Sake sake sake...",
        "price": 220,
        "rent": 18
      }
    },
    {
      "space": 14,
      "type": "property",
      "info": {
        "id": "CTB",
        "description": "A great place to take the parents.",
        "price": 240,
        "rent": 20
      }
    },
    {
      "space": 15,
      "type": "property",
      "info": {
        "id": "Terrace",
        "description": "Burrito line out the door? Sure.",
        "price": 260,
        "rent": 22
      }
    },
    {
      "space": 16,
      "type": "property",
      "info": {
        "id": "Macs",
        "description": "More crowded than the slope on slope day.",
        "price": 260,
        "rent": 22
      }
    },
    {
      "space": 17,
      "type": "property",
      "info": {
        "id": "Statler Hotel",
        "description": "Quietest study spot on campus, for $200 a night!",
        "price": 280,
        "rent": 24
      }
    },
    {
      "space": 18,
      "type": "property",
      "info": {
        "id": "Beebe Lake",
        "description": "A classic freshman year activity.",
        "price": 300,
        "rent": 26
      }
    },
    {
      "space": 19,
      "type": "property",
      "info": {
        "id": "Suspension Bridge",
        "description": "A beautiful place to watch the sunset.",
        "price": 300,
        "rent": 26
      }
    },
    {
      "space": 20,
      "type": "property",
      "info": {
        "id": "Cascadilla Trail",
        "description": "Soooooo many stairs.",
        "price": 320,
        "rent": 28
      }
    },
    {
      "space": 21,
      "type": "property",
      "info": {
        "id": "The Tunnels",
        "description": "I heard they're out there...",
        "price": 350,
        "rent": 35
      }
    },
    {
      "space": 22,
      "type": "property",
      "info": {
        "id": "Martha's Weather Machine",
        "description": "It was under the football field all along!",
        "price": 400,
        "rent": 50
      }
    }
  ],
  "number_spaces": 23
}